Principal Component,Variance Explained
PC1,0.25793138339206967
PC2,0.09319288069618148
PC3,0.07833047520406389
PC4,0.07108350347277131
PC5,0.06739402575193948
PC6,0.06236759449278172
PC7,0.06128417445073631
PC8,0.06027834459922241
PC9,0.05640697928105376
PC10,0.05549997729072548
PC11,0.044565444822842026
PC12,0.03413390087053953
PC13,0.030606137283057937
PC14,0.016172773683199304
PC15,0.010752404708815805
